,POP,RHO,R0
0,12728,5.458437331903139,1.9696453795123694
1,12769,5.078196026241018,1.6000579506763373
2,13283,1.0812266229919378,1.5683949646437712
3,13901,1.104719747238596,1.8011158133937357
4,14070,13.179437716665696,1.8202671001048814
5,14179,5.48323571931108,1.62032365529813
6,14714,6.229255571360834,1.823686154099231
7,15976,2.340588366133069,1.7923226654571973
8,16016,10.901529835314475,1.8955845572917387
9,16073,14.392911162166907,2.015720088984778
10,16700,25.77913180823784,2.4029378061922104
11,16831,0.6740605095921481,2.514586796801496
12,17070,27.44652309471366,1.645758583030511
13,17258,17.506950588057233,1.914630494376338
14,17782,9.869242252877935,1.9812183876194658
15,18295,16.219390056959806,2.0202695201988754
16,18453,5.660327179978252,2.025295690024131
17,18500,2.918513355992672,2.230793857884111
18,18546,4.783727217873136,2.693416922789829
19,18705,4.812393948202999,1.8436045204976146
20,19369,68.50213775193166,1.5035739619614845
21,19618,11.73797826517492,1.9607458444978423
22,19620,13.17624987005075,3.7894288130984264
23,19983,3.7797458508196,3.6472007565593936
24,19983,4.008064507394371,2.2411804350725526
25,20211,6.280968209493643,1.5058167347366505
26,20226,3.752182048022068,1.7387494964455519
27,20704,3.598033232730675,2.3067092486809044
28,20758,18.98716404413972,2.432410012392535
29,20938,9.109744973259431,2.339662085353892
30,20940,8.98636428652323,3.2040481341239144
31,21290,16.2182882568014,2.133136655122121
32,21358,13.963816859422652,1.5712164024282045
33,21428,12.93723076365766,3.6306869824724046
34,21513,9.754873934136167,2.0193369536335686
35,21629,11.677875083504986,3.9285107058190976
36,21859,9.358698993988025,1.62032365529813
37,21886,9.125774107360984,2.3523742624477406
38,22015,2.662231701855106,2.1125205054495533
39,22092,9.726475243716624,1.7917958149743969
40,22095,14.94392325769546,2.4778696340550552
41,22124,15.4624664073654,2.5068541992895046
42,22320,9.950420425324303,2.139040331777089
43,22372,31.68918423155712,2.7870180882187503
44,22384,3.9522170182422434,2.138589111912804
45,22409,4.705949553791604,3.3304149980547173
46,22761,11.63207265126524,3.0633867167069693
47,22814,16.901708128970395,2.23337382974484
48,22925,5.438752013168589,1.6000579506763373
49,23021,9.784802770194508,1.820757345213229
50,23102,41.48500590526543,2.2410422611736207
51,23228,10.307607167629923,1.6865516403426408
52,23382,17.29629126889401,1.7489451479801696
53,23457,11.822670526410493,1.975027388817932
54,23709,3.087172846952153,1.8500284812409737
55,24404,3.1628429562026734,1.5559157893625906
56,24530,11.799716527804735,1.9829702240740026
57,24748,19.79616382533429,1.680983539230449
58,24789,30.54523032821368,2.0346549505210083
59,24874,12.081392077114971,2.617465576856596
60,24909,1.950603902551591,1.6767537919538562
61,24994,15.202660885349106,3.1325331894674795
62,25008,15.800616039533384,1.8202671001048814
63,25110,13.894633744150047,2.4736928015290562
64,25388,14.160286320230847,2.752353835399533
65,25474,13.764444183163397,2.2242755927882323
66,25544,17.24945477568956,2.1475235342265693
67,25585,6.71423023692507,3.601972516233784
68,25638,4.190819633468542,2.415534847649768
69,25769,37.35749201900218,1.7145316571178617
70,25779,11.116017258523405,2.2867023596296727
71,25844,12.472349355505198,1.6865516403426408
72,25925,55.87926371714682,2.714144468818379
73,26032,27.997117690711008,2.8335284554315137
74,26118,21.02314066789644,2.6816994063802744
75,26234,17.721289656485695,2.3999795055630826
76,26320,31.41900248009573,2.8646588907659374
77,26404,17.072369284580827,2.7368479837450357
78,26559,27.52352619491681,2.693206842604666
79,26675,2.268812242641845,2.6710461295681873
80,26682,4.325779544967291,1.9008321788231788
81,26835,5.08737748562752,1.5480229189975638
82,26937,16.30716877353649,2.653675437488785
83,26988,9.846889766754444,2.0806091305215038
84,26998,2.63122457774659,1.8687027445403899
85,27277,2.233261708814211,1.7284172077116404
86,27511,3.4546035508718536,2.1421854947051395
87,27593,12.120627499991985,1.800657871539661
88,27735,28.436173478395585,2.64249764728358
89,27812,10.67025441758393,2.2534771373089995
90,28009,15.707023550160804,2.1144368499849118
91,28275,26.681465482912348,1.5035739619614845
92,28405,19.17808811104373,2.5658546963532447
93,28525,27.102848492749075,2.2189890472157305
94,28542,12.268112282584546,2.037824046786098
95,28553,12.250474296678918,1.6734314147908191
96,28571,8.103127851027011,1.6584601976344353
97,28618,17.87758607484848,1.7477671276010016
98,28695,10.65630826711159,2.715634796337656
99,29003,11.324679413917092,1.788087988680547
100,29068,8.765153911706241,3.440739794643684
101,29131,20.787495790730123,2.037824046786098
102,29144,22.729128512149096,2.221970709613812
103,29189,11.840725548581274,1.6578648602595965
104,29493,2.3147234138617394,3.213085115514214
105,29534,9.12539116764469,1.5223337591368387
106,29682,19.443565023042808,2.553156843064523
107,29927,18.00434144851235,1.8853800929861995
108,30003,13.244803325066751,2.209918052357107
109,30281,16.534678458903098,2.655371462918122
110,30485,4.663358519752563,1.892320965447684
111,30573,2.59937881877554,1.6360688478167127
112,30628,13.490631239356384,2.6681727941824556
113,30996,29.017209144745937,2.50136183080792
114,31011,19.6813713481476,2.791375268217864
115,31084,5.129654306450737,2.149288066398755
116,31127,25.52599022587553,2.051654574929025
117,31363,21.498156140512386,3.039184723127645
118,31489,9.108826481498312,2.196073503413935
119,31670,31.79189648952012,1.970322010039298
120,31829,19.0965288163554,1.975027388817932
121,31929,22.79675135048029,2.6791444699009195
122,31974,4.569020568694876,2.1349619503991613
123,32019,27.245885887398646,1.8532020817519892
124,32304,17.582377389532937,2.1614388241206104
125,32308,34.58983244358838,2.1409302277723925
126,32345,22.217429262439047,2.0004250843024636
127,32399,30.88173996905821,2.978079741776097
128,32413,29.775569390130418,1.823686154099231
129,32565,14.284012398163084,1.7805658116193706
130,32723,5.734785341795432,1.9655619429755715
131,32750,31.14096206079952,2.8253383052094523
132,33114,19.023238234950952,2.7046575833506803
133,33167,40.604323374315136,2.9359585507783574
134,33195,15.12336993238972,3.0784878831178903
135,33254,21.523447671336296,3.1660144242661166
136,33328,22.17236485621626,2.1294622822160703
137,33351,29.98168520066585,2.5500644254508433
138,33406,12.837987715560676,2.1294622822160703
139,33470,19.17155731356248,3.403585336967006
140,33619,11.818868657351,3.989703509806472
141,33771,21.19472714401193,2.138589111912804
142,34008,27.4249173534858,1.62032365529813
143,34016,40.57208839266855,2.172419320796133
144,34091,11.197403881368151,2.8499667693700217
145,34096,18.16040662778144,2.4338388991291233
146,34153,22.49792958180319,2.903727866199455
147,34340,15.31733740606199,1.788087988680547
148,34375,35.34917373941504,2.1130004085938885
149,34385,35.07268056973497,1.7923226654571973
150,34594,43.23414500147847,2.5340963912518735
151,34781,20.67233806277232,3.2238470829794257
152,34823,42.16770815484944,2.424988489281725
153,34908,11.972455943142151,1.8823683763269787
154,34915,18.762797824149565,1.7570931746437883
155,35077,17.095521696574448,1.8721630395816817
156,35470,20.28946145808868,2.3899739489562584
157,35516,36.68077603451026,2.75464206839483
158,35606,3.09291005919006,2.555615795535788
159,35648,13.179965875098455,2.1313034562721875
160,35723,18.03622776004824,2.388453496139288
161,35777,40.74422179014693,1.6578648602595965
162,35784,11.797640010431405,1.8819949896920647
163,35882,22.939074516191827,2.2184900896602406
164,35893,28.19765429894227,2.247916869085049
165,35904,19.37138182631601,2.192773353819383
166,36002,23.031806373148147,2.320741505407466
167,36004,31.98830637448121,2.0108478491103505
168,36038,18.546693299769025,2.267073564385559
169,36156,3.4954579976627147,2.223268723430979
170,36520,36.84930380343944,2.070117716799475
171,36565,26.702276517865403,3.2307068109759407
172,36594,27.3801087707256,1.983261471546691
173,36600,25.05944943567969,1.9200206636859898
174,36643,12.858432806082496,2.1435758922709174
175,36649,32.93423263166078,2.6212015412493814
176,36953,35.66535238368056,1.823686154099231
177,37084,18.6635904925202,1.495614428005577
178,37159,28.003638762329448,2.3091469291547613
179,37181,53.45795209502665,2.457457961021633
180,37185,19.65601004510125,2.917939742608675
181,37196,14.67394498966993,2.8720100331669456
182,37205,25.097604418311665,2.2779787861006144
183,37266,26.0782560416446,2.781162352024367
184,37349,9.253258634041735,1.323612610018082
185,37497,12.509380283759466,2.3088429605153107
186,37529,4.0790939235587,2.518594278721952
187,37589,6.986197849777324,1.883892265237659
188,37684,25.47368900643757,2.517558692802346
189,37689,35.30604001294995,3.9241118511832127
190,37726,5.92526641121396,1.6518598070698047
191,37800,9.420668982639278,1.5317146461231035
192,37825,19.116757777664905,2.0847331939401657
193,37864,15.479500883395296,2.245988913186237
194,38001,23.031112881362468,2.503723859332761
195,38073,8.16208682905703,1.8168182970510192
196,38087,35.73957469840423,2.104766791164855
197,38130,12.059509266213178,3.044409124861673
198,38141,23.10725690609576,2.261686015333251
199,38158,11.765077686419271,2.6870021023290236
200,38280,35.19113021720227,2.575497075624065
201,38284,20.517277193752683,1.6865516403426406
202,38338,29.334172137525226,2.948837460509834
203,38440,23.556756462603715,2.2657329313189485
204,38609,18.18586044522363,2.0824470590850876
205,38632,16.797484308013825,2.2442640134610223
206,38682,14.371623767222347,2.6105944914114034
207,38818,25.41312531817144,1.5602293788075798
208,38837,3.2438412787134285,1.9829702240740026
209,38839,16.538825295856288,1.6332543208823476
210,38875,28.74035904193875,2.2129630262971594
211,38880,3.5124344878570586,2.0181348426939687
212,38885,35.023476132021166,2.0255913879936185
213,38921,2.564037429346839,2.110380968538477
214,39001,39.110438829933926,2.319951650465672
215,39191,17.114552256045684,1.323612610018082
216,39261,1.6505880738699146,2.7280931811391733
217,39369,26.55089275176612,3.3550882977196173
218,40062,21.74511642690969,2.268531369618628
219,40108,14.391927774827405,1.5549382997747603
220,40117,16.70443697944372,1.610701943871601
221,40224,18.7328893679536,2.184567574687804
222,40305,7.163040014442309,3.7218985849089656
223,40372,47.42065890190377,2.246515571787394
224,40482,18.07012477902797,1.9052197817360383
225,40525,61.37893514325337,2.446982975616361
226,40625,16.01851326116032,1.6865516403426408
227,40644,60.60815731756563,2.903560777091038
228,40651,17.4282585422197,2.3009679429340033
229,40711,27.65107979195162,2.423009313674846
230,41025,20.505616264619967,2.0108478491103505
231,41172,34.37458124451313,2.838720380056202
232,41257,18.20995887939964,2.041538433281646
233,41277,36.83337717728029,2.063694162976355
234,41494,39.87368879476697,2.5875805032258246
235,41556,14.77216558006504,2.12575571697022
236,41932,29.208994352964915,1.7382124854280092
237,41968,39.64926349187874,2.2684100725107252
238,42022,14.074786748827089,3.112669257272042
239,42145,8.69376173242691,3.016245967616775
240,42168,21.17423506142602,2.4485733381523653
241,42339,23.96163150758443,2.5052917318166905
242,42343,1.5679675301893368,2.0172309614891097
243,42478,23.6094436218236,2.2189890472157305
244,42613,53.017419369367296,2.435161651123484
245,42664,37.6542091402539,3.2597385234042666
246,42668,5.8029163258579874,2.9846296268304973
247,42698,15.221282360063787,1.645758583030511
248,42758,7.367733435480122,2.6950523169758
249,43143,19.141304648750868,2.2114432356313722
250,43199,20.932931612031503,3.323327802900148
251,43273,29.05185534293516,2.979796891077428
252,43453,30.22541315008932,1.9311698474859604
253,43475,46.26457826391678,2.1545381085683584
254,43517,33.18113336479354,2.6022117619505045
255,43538,18.27714504260882,2.3234948535614097
256,43654,12.911024661671943,2.189581106878304
257,43909,23.39222597522126,2.7298025406134165
258,43938,34.56776991702414,2.3818040229203596
259,43969,18.175679189361983,3.3736959846661305
260,44142,27.616941719318856,2.005089960158023
261,44231,33.53086760049121,3.1221259303497946
262,44451,31.51404381665124,2.921573598215952
263,44498,30.43416527438352,2.8721438342525665
264,44535,67.82494751885727,2.9676480351522194
265,44573,25.61798879045597,1.4967621465644285
266,44686,31.83262334553848,2.762462639802526
267,44829,36.52968259780973,2.8025781255489437
268,44923,54.89204267607964,2.2741545787733086
269,45069,5.237100976370901,2.440614722343056
270,45144,19.92833146221969,2.984346667294033
271,45185,12.363103290232612,1.6753334421876882
272,45325,30.2925393803012,2.300554950534744
273,45328,63.24043615363989,3.3647526113642967
274,45368,20.60510088882888,1.9855840463573076
275,45370,38.9994312117339,2.6617233955525554
276,45455,14.032632948893834,2.2991582129394015
277,45600,32.35537555118553,3.0245088168851546
278,45605,29.43859714127048,2.801131769755212
279,45613,22.152727595563352,2.446893906799425
280,45656,43.91688688756379,2.443316574683191
281,45672,38.466018441150965,2.158002457695463
282,45739,10.181108608961043,1.4706398246779724
283,45756,40.09534342481847,2.130894998238646
284,46138,43.33965796632756,2.401953888861516
285,46194,26.63886791558442,3.1383462055483595
286,46233,42.75485413661745,2.158002457695463
287,46258,40.25929639616721,2.379478865572791
288,46340,23.64025671461853,2.3088429605153107
289,46341,3.7254545854898575,2.1276130603278114
290,46429,25.796141751935227,2.2626336760540866
291,46498,14.51419311911502,2.693871772969818
292,46523,0.9879346220062714,2.4058765805952516
293,46742,38.256463829872914,2.6233816817686826
294,46811,8.631288347426993,1.5480229189975638
295,46994,21.934986574307647,2.1614388241206104
296,47146,26.7790934947978,2.015720088984778
297,47188,7.273349868382085,1.7611043153582193
298,47429,13.790358693251209,1.975027388817932
299,47581,36.83343185308058,2.110380968538477
300,47744,44.868992391142136,2.7578270770521276
301,47839,12.04814938043036,2.0255913879936185
302,47935,8.056398249975844,1.9311698474859604
303,47972,47.26448841994418,2.837763156129606
304,47995,20.48811793745291,2.030001724347931
305,48111,22.59319817518752,2.1545381085683584
306,48167,11.815760001840792,3.0821560497739644
307,48590,46.01799882412127,2.181086359086003
308,48657,25.06836909900653,2.059356235554581
309,48749,16.66062485904395,2.189581106878304
310,48905,26.60519554505916,2.0276553862173534
311,48954,13.454696968364397,2.2569164099470562
312,49025,6.0191021316706985,1.3021324309366396
313,49172,33.83289349608516,2.6974302855972754
314,49221,47.152260580208186,2.4299883725102345
315,49348,34.30674826836014,2.924107965403241
316,49587,41.78428600078535,2.6593049508227624
317,49699,26.78504060413608,2.6159319665940473
318,49713,40.524889144093606,3.011327253155176
319,49831,19.86696853646453,1.970322010039298
320,49859,21.22000810257956,1.199598100306669
321,49952,16.635890114537265,2.9435575576827486
322,49962,19.68864885671892,1.6865516403426406
323,50022,11.855181640096196,1.876730804891056
324,50104,8.959873717711512,1.892320965447684
325,50113,19.16409838123733,2.1435758922709174
326,50484,31.126765608808373,2.359829350324887
327,50643,25.776502963842297,2.9389969054073903
328,50668,29.013072259201465,1.612011549156578
329,51113,32.99573488505106,2.7269061272903996
330,51439,17.317537394269316,2.5165949584459395
331,51527,47.88685664844047,3.1150638816636778
332,51585,17.484539308403345,2.872460843706176
333,51626,18.492785338508853,2.407581954367176
334,52342,29.764594031056465,2.745615729360499
335,52600,18.40706260095014,1.8545545117170674
336,52607,37.12590570569002,2.0727066788312865
337,52646,19.30520265420684,1.740623219048572
338,53006,8.773218217905583,2.013291149428654
339,53347,28.22784960160248,3.256863929973149
340,53383,41.5992833293578,2.902891842033159
341,53484,48.82419446788758,1.8955845572917387
342,53794,48.28745767531717,2.7402727211779485
343,54018,4.38349674256886,2.0988563404875396
344,54019,33.016347306132175,2.598318112499651
345,54062,25.170460005497628,2.230681875550754
346,54320,26.98564440223494,2.3486406179235106
347,54369,19.51082515441988,2.892022822296308
348,54478,9.471010065369056,1.3656267359108616
349,54522,2.0448948215500904,2.3452950724496544
350,54609,40.9990004949851,2.005669377202155
351,54666,34.42990344120795,2.312024154585249
352,54807,0.9913562084487024,1.9933272368391615
353,55125,27.94944752371444,2.882729097584467
354,55127,12.63530835577638,3.34061355882655
355,55175,31.13348747254484,2.7166257246635506
356,55178,38.66329190273875,1.8605105380122275
357,55199,17.628814435961132,3.036010548913291
358,55535,26.44363384811798,2.7484844486210367
359,55682,29.005452912630467,1.9693744139571554
360,55916,149.2409041144006,2.416012313938428
361,55949,53.92528645730175,2.882729097584467
362,56072,70.12185285165788,2.1478449041337258
363,56154,14.6064479947998,2.788550488318296
364,56177,69.39455269375925,1.6865516403426406
365,56221,12.828560001270512,2.534830307590171
366,56414,24.274994629844844,1.970322010039298
367,57189,19.8869639836577,2.7886567214810163
368,57280,44.86515623773708,2.8879357030270296
369,57300,56.342770140967055,2.121640604497316
370,57510,11.095714652098604,2.3879455195971397
371,57735,20.97826631988123,2.996575573165737
372,57963,62.89743593360693,2.653037828332256
373,58162,12.366251449040528,2.245988913186237
374,58191,24.16335158156156,2.231117199224843
375,58266,45.77115991154648,2.233514478139486
376,58409,32.81541471085001,2.221970709613812
377,58460,5.405385063552618,1.8168182970510192
378,58518,55.31600537109168,2.446893906799425
379,58595,44.75391609177291,2.575765356664676
380,58722,17.723204721938366,1.8168182970510192
381,58746,11.501545727004256,2.451325835082013
382,59461,36.17071585119985,3.0026250656593576
383,59493,22.93128708223048,2.45571444814629
384,59911,36.60246567346588,2.6848882454560616
385,59928,16.05750606416829,2.1086614846787675
386,60323,20.298704541340065,2.182038596601643
387,60443,43.90214955145256,2.9271257327355706
388,60520,34.31096334492661,2.59067405746919
389,60964,47.02096313994275,2.6681727941824556
390,61056,22.271528880124304,1.94393278720722
391,61303,59.13877512708184,2.1803056743582108
392,61387,27.74349404963585,2.472011173146449
393,61779,93.555443022026,3.17955871769451
394,61998,19.06834885685406,2.260328614042457
395,62322,45.79068728719531,2.0276553862173534
396,62680,29.747123349237544,2.328611292553369
397,62806,61.37695423680896,2.189581106878304
398,62990,16.385140012439074,2.467694396577712
399,63111,61.95728716006375,2.6538641907815026
400,63130,9.975533317720329,2.247916869085049
401,64154,34.665982071969225,2.6984604267574093
402,64386,19.78531704905804,2.096867588716844
403,64442,29.94473592620181,2.5084113003161908
404,64487,15.598874555000783,2.1545381085683584
405,64615,4.113227492857122,2.111318352369116
406,64633,20.40159768376384,1.9881813456957604
407,64697,43.72402709528564,2.7665880364293587
408,64745,11.688113438660483,2.64797686987603
409,64979,38.10455033856866,2.23337382974484
410,65084,8.51912816139808,1.645758583030511
411,65093,62.24596897273735,3.9839378335099984
412,65204,26.59717452541845,2.7147660140521914
413,65327,50.08494821838745,1.878995338396348
414,65769,61.326433437429166,2.7393304508550766
415,65884,63.31915626484253,2.4893632038753095
416,66553,28.55285182081116,2.221970709613812
417,66699,14.240494167501463,2.359612666704418
418,66768,26.869515518907864,2.166541923872826
419,66972,52.1665491000546,3.036010548913291
420,67029,45.874187325928894,2.751639672204861
421,67215,57.42932450759577,2.166541923872826
422,67490,3.940282413217645,1.9631609835665285
423,67997,32.39393911242884,2.1146757819825157
424,68122,49.56362805873802,2.877783016149584
425,68238,4.434690525533053,2.236577259630279
426,68412,35.018692811554885,3.3184148854060607
427,69069,42.86218809580593,2.247216787616769
428,69473,52.984794318127655,2.189581106878304
429,69493,21.283175850552187,3.000425168437724
430,69872,47.10764506811166,2.5413828976964172
431,69922,65.21150558446146,2.860955214779279
432,70180,38.74696147189426,3.05481740740898
433,70772,34.127362398332075,1.743019111363682
434,71070,6.249280776544932,2.0059174499189414
435,71367,5.056107690878444,3.97731204679097
436,71686,34.70290040747806,2.685946369934074
437,71783,52.08005715362388,2.869281301554419
438,72293,45.02283246073168,1.9434276360638867
439,72592,35.58317471504466,2.3828335264406144
440,72977,82.95486037934369,2.7515503257655234
441,72999,35.53679403487755,1.6000579506763373
442,73447,26.394924521268337,2.2114432356313722
443,73738,69.51088986344614,2.0422205506641133
444,74228,29.14679385267621,2.5665203446234344
445,74266,113.98525709226934,2.739801821643546
446,74521,39.54342496438646,2.7500544538490934
447,75061,15.236921121686343,1.8436045204976146
448,75211,21.348435672378507,2.33738855619773
449,75314,47.65370033064761,1.886545251085159
450,75713,6.135831339219889,2.1276130603278114
451,75758,32.559182797948566,2.137986737177948
452,75783,55.06595445619836,2.2569164099470562
453,76085,41.5708372858912,2.3385267888088936
454,76117,22.462493284521035,2.3468189234345562
455,76576,42.75141439316228,2.4395973142255305
456,76666,42.95008952650532,2.407581954367176
457,77331,17.175984397398054,2.013291149428654
458,77828,7.669072713250486,2.8166492088916533
459,78753,29.376051809100467,2.0873922449367748
460,78981,51.76647415392577,2.2114432356313722
461,79255,26.73176506078876,2.143972313120611
462,79456,57.73268146710881,2.4311201022650457
463,79546,49.03603741277172,2.219362886198999
464,79608,45.68404086841685,2.296125238844538
465,79858,5.773629936840213,2.345792314014683
466,80485,29.94198542688209,2.426575900853409
467,80707,12.968621550276286,2.176568429541365
468,80994,35.1333176103705,2.4089038585020295
469,81366,11.643284317995974,1.8229289077983004
470,81653,6.1633822330115065,1.9558723205983637
471,81784,46.11776541088648,2.234778255768643
472,81801,85.78482136892654,2.991092909864003
473,82124,34.320591535814295,2.939229839304286
474,82544,108.74998386088264,3.0323026922446004
475,82737,36.56055810562248,2.144684938600987
476,83156,62.191890957024135,2.6171592619874247
477,83194,52.370156552108135,3.1141944408811644
478,83456,79.10247654938952,2.690220519425548
479,83768,44.01346843238956,2.426738991344152
480,83779,79.49449324692007,3.0629044704809343
481,84073,39.24962547987106,2.547129412499493
482,84481,23.790806043694364,3.3700321893688567
483,84629,32.27826689251169,2.0108478491103505
484,84769,58.81600738466338,2.3024103513893635
485,84877,15.289351201154467,3.6529257793400753
486,85141,157.7019571742527,2.6625492092385765
487,85413,18.92535122952964,2.932113969344813
488,85512,92.17772130274224,2.206081237953235
489,86175,30.08064440123025,2.617465576856596
490,86215,50.08824338325677,2.290524152884319
491,86715,41.96732806123867,2.537754206600416
492,86749,9.552360123040662,1.8246576372538519
493,87487,20.6009529227006,1.931632633552224
494,87622,22.893047700529195,3.3347051710701936
495,87804,16.699666659027265,3.6616135179713427
496,87808,30.48831617433853,1.8198853787116909
497,87839,38.731738079636166,2.722038750599301
498,87880,30.94521686001617,1.9357741579949355
499,89339,57.6077999796623,2.316230123805254
500,89553,6.589604940700399,2.5138194402217464
501,90641,25.21890387510726,2.5396447302009233
502,90843,76.52009811837026,2.6873375173525624
503,91987,62.56820558138295,3.0434690457562
504,92039,141.3367276629417,3.32177954164651
505,92399,39.26834295573977,2.2410422611736207
506,93053,53.15234965795666,2.2859019189918106
507,94834,12.121750362652955,2.395004872423836
508,95338,38.94376763897823,2.4948420402100058
509,95379,26.48276142408003,2.8381845707062996
510,96272,35.54449569271468,2.6609805972276748
511,96765,26.090815288837582,2.4728527716054534
512,96774,66.03364690456448,3.302698434448724
513,96849,5.095716297766934,2.49958219077751
514,97117,65.46019901000523,2.5542123002833166
515,97241,53.487937037578746,3.016920560371611
516,97284,49.949321083245735,2.8162439833797372
517,97311,61.76425617171291,3.007798786838257
518,97733,14.08270505978669,2.8760521926790488
519,97947,81.45907273532475,2.3902268525259953
520,98250,64.02424123943112,2.496600490638045
521,98451,50.71237674364843,2.8076060209245473
522,98498,74.58201610110771,2.813388753136183
523,98615,26.2445216573657,2.4811834754100284
524,99353,40.902746374895145,1.9008321788231788
525,99386,56.61567613823509,2.503265539461009
526,99408,17.758016795659767,3.3009136182522427
527,99500,14.3031555104186,2.8086765510741634
528,99742,22.20708976179956,2.706677125330829
529,99755,40.2136671804755,2.1990873592178852
530,100398,38.30897898317626,2.438804396750922
531,100815,11.423212382270464,3.1135171581703243
532,100880,55.81480991317057,2.801855497467473
533,101883,73.95714459205031,3.3033866961363287
534,101927,32.89565091074708,2.584712635602537
535,102180,83.11753387072044,2.5203640950010295
536,102268,73.80645299111065,2.9763565335516695
537,102351,98.1807717211444,2.756828387056321
538,103009,76.68038381208606,2.83737972945984
539,103126,90.02258290071991,3.0587862700566655
540,103403,55.48459206995793,2.525195850341174
541,103806,7.877793854057991,2.1590793059870905
542,103868,72.24159188563924,2.957885552059502
543,104009,69.15551336843248,2.9012154394415317
544,105216,36.50867983314601,2.581054107475918
545,106221,40.34149349016261,2.6519731976328513
546,106721,61.95591337005023,3.139433179956084
547,107740,15.519611248575051,2.7561917557581963
548,108277,89.34197744489883,2.6304486683628414
549,109682,56.17672523116649,2.3416418365745404
550,109834,33.42841249493517,2.4778696340550552
551,109862,62.6962288899146,3.3852568141914308
552,109888,70.9139214905553,3.183741160669892
553,110593,37.45186952365081,2.460060616592744
554,110924,4.304119748492951,3.6623750705289164
555,110980,8.508486928210205,2.0438078190670317
556,111290,17.06206796740469,3.3210217101585195
557,113299,35.605684276111354,2.7090304594338237
558,113510,122.70075263523944,3.037257263745229
559,113605,72.39661043282283,2.709519253558701
560,114135,112.3828612862582,2.9566289007980844
561,114272,38.60395775698952,2.927884832827023
562,114434,16.975902463609412,2.792359984037369
563,115340,87.10235009450689,2.341422303280292
564,115710,80.50686694840012,2.852444957710034
565,115767,35.2811456292394,2.3019300771597915
566,116074,77.249360021057,2.4309765491256154
567,118081,55.24656119035868,2.998572890148837
568,118779,35.650078715664336,2.622440179981345
569,119429,105.94031845697516,2.3879455195971397
570,119440,51.32706725414329,2.7917693996175683
571,119600,17.805679827257514,2.2322469895367836
572,120629,9.826364348400135,3.0386782276342803
573,120736,18.1137255894496,2.5165949584459395
574,121154,94.44869702910772,2.7356480374346743
575,121829,89.46029657326729,2.291790678959341
576,122259,103.54760590573432,2.4068518790427618
577,122302,54.432000900093854,2.581569346989713
578,123120,47.440849021655794,2.7383390339070943
579,123131,85.95513685101275,3.66986559809456
580,123347,47.42372198034745,2.9381418571402387
581,123958,8.681230541283108,3.6893386287006447
582,124284,31.64871646150625,2.702558465550624
583,124942,63.18787912626328,2.6286588087453424
584,124944,52.04937975780525,3.199255356945965
585,125148,28.454647830078446,3.234744227235573
586,125223,29.204861763001297,3.311014900128702
587,125922,7.885335269618295,2.30563847861335
588,126415,28.678378972748927,2.9264443423927737
589,126903,46.21383784395584,2.397250344818654
590,128222,39.35088683276398,2.261686015333251
591,129205,28.81590826369015,3.1244105241155022
592,129511,45.11390031058021,2.8995331962345006
593,129749,21.874801428800545,2.474782505434229
594,130192,73.02561410210136,2.304257912002746
595,130625,53.13242760831307,3.480642877371031
596,132420,93.48072537146096,2.912100729504148
597,133179,9.565672403872242,2.401296733746592
598,133860,35.264327021968946,2.7643322206761067
599,134083,130.24756099705152,2.8412002344678227
600,134159,73.34556971360846,3.0217170946887455
601,134758,65.75436739221999,3.535887957353556
602,134964,60.13739311681633,3.6886081106126802
603,135558,14.669042272819192,2.32349485356141
604,135692,33.910298897547925,2.214477463899143
605,135976,88.23742600780871,2.860955214779279
606,136212,56.380259210447896,2.8779064084550456
607,136616,52.55042624905639,2.139671233705168
608,137744,71.066079938815,2.498811041187744
609,138948,56.86772715965618,3.082561953217803
610,139044,53.21294327806565,2.5475185976265053
611,140566,51.05701600461615,3.1785793800761444
612,141000,36.7732040286636,2.677054490509388
613,141359,70.09589211662083,3.265282753185453
614,141793,151.30401582602894,3.621665866317496
615,143476,2.9752653888679186,3.431528365797339
616,144724,88.00653974137664,2.9934253401093227
617,145770,53.81960629390704,2.995705228359309
618,147036,26.230371975667243,2.663883140926807
619,147292,35.7834087785575,3.009448562919842
620,147970,45.330768480444746,2.909539876813685
621,148761,28.116093055099537,2.8995331962345006
622,149358,33.60597528361722,3.0150631958566474
623,149527,119.3558660997156,3.874650174381251
624,149657,99.33406478017102,2.6564987172612917
625,149764,29.921056750892983,3.9438831709158166
626,150213,36.00929908811346,3.343490607030527
627,150358,30.40378014846568,2.664867124191132
628,150500,105.7684124358072,3.184917789327327
629,150653,34.396672797212105,2.449558311258525
630,151079,7.474077264314473,2.247916869085049
631,151235,25.97839218221741,2.6177036813732126
632,151254,22.29310004131447,2.333266362074898
633,151391,62.57453384160874,3.008742195309714
634,151530,11.270077824375925,2.179654012384277
635,152037,29.934647500264862,3.361825618303171
636,152148,17.29119126156826,2.5362032218373884
637,152603,46.39303099169873,2.608306686762832
638,152940,42.49988703933516,2.0571702409854145
639,153401,104.32089005404728,3.3736959846661305
640,153928,49.93334024941627,2.6709097052389703
641,154210,17.88557437902431,2.3838606464879053
642,155027,77.51156996190795,3.4886466426452647
643,157327,28.42397087789143,2.421231010617745
644,158510,87.22158878215146,3.2791982180085353
645,159923,122.78786176612654,2.5361321353010253
646,162385,56.487774971990056,2.4807387962768828
647,163354,87.82555277667652,3.2232347476479832
648,164542,104.5688016093257,3.1697053818151244
649,165697,51.42201833865888,2.439710473701266
650,166223,71.49323761962869,2.4732347974702473
651,167417,55.6510162027071,2.6870021023290236
652,168424,27.253078843540266,2.964636634402871
653,168522,43.2878560227856,3.825555246167081
654,169230,83.79041849162394,2.869281301554419
655,169304,39.70500790739501,2.5456995545308434
656,169430,44.65719716902416,2.838050524524669
657,169509,154.379134659363,2.9674649446954433
658,169878,22.334199843351115,4.433810142132154
659,170271,108.07624462295756,3.716817238780665
660,171907,152.76153438136453,2.585287643070053
661,172060,24.214747175085726,2.6617233955525554
662,172846,11.393396296647218,2.5854517988060914
663,173105,56.50269455558242,3.324247341650191
664,173566,134.22914294221255,3.39702175353661
665,175387,45.52708647101547,3.48610002543484
666,175639,54.94371943632628,2.4136198567202953
667,177573,60.9843128344516,3.737982607551389
668,179240,42.853554194743495,3.5774484366765456
669,179564,54.88159977338769,2.300554950534744
670,180080,18.41631549741949,2.151045297889108
671,180333,75.63509268992888,3.691663213266392
672,180463,101.65715991426153,2.3703188158171917
673,180742,107.03481086008158,2.800841969995772
674,180786,119.07868641295237,3.5880942605096995
675,181215,16.752186339889256,3.333508239223368
676,182603,38.83954121939182,2.543546331862423
677,183280,48.70433656205952,2.549443421520888
678,187155,45.70882082916444,2.8483762249068216
679,188344,54.98778128781078,2.5278098725495943
680,188910,107.21794546102184,3.1600959095375356
681,190539,91.94633421302254,3.3704461729223363
682,196311,227.95715156617413,3.515988046783064
683,196546,97.93826659244036,3.1004531014637364
684,197692,25.289646287661657,2.456780731679238
685,197938,100.19657841982618,2.4268554481402744
686,201513,19.313836964429505,2.5244462190729635
687,201964,44.522691959358,3.8409582711474886
688,203649,92.08863197900956,2.364730417931298
689,204441,200.964277801184,3.8911762991137
690,204911,58.126247119054455,3.33022316593702
691,206341,172.00669250672487,3.422830993433682
692,206868,67.53116887212293,3.0437512577390424
693,208075,34.92903911594103,3.6749868555812832
694,208089,46.04118166635716,2.8471250330238553
695,210409,34.591129053669775,3.366606622115033
696,212181,6.1545093278055605,2.914763564957739
697,212990,208.86803117830243,3.740164980724636
698,213750,80.53098382037406,3.114575008003444
699,213787,14.969784719095111,3.3244769687564153
700,216986,21.46825910480864,2.661537807144561
701,218195,22.12605449366482,2.8966598585298393
702,219186,51.71394304034271,2.12575571697022
703,220104,47.73532218653211,2.624907544396598
704,220411,67.96643415124366,3.3170882840415863
705,220944,30.646679135120152,2.3234948535614097
706,221921,34.593014596325176,3.22262166976376
707,222195,69.65701144005789,3.001648552576145
708,223234,54.215510064747065,3.037409706076077
709,224737,67.87206576013334,3.2562697420304643
710,229247,42.01150300084259,3.1610871933317024
711,229996,51.54968211671877,3.3360922276837326
712,231969,27.70602279361401,3.00243416178961
713,232751,97.52591129768405,2.6457353289411687
714,235099,11.173978540261547,2.998022719202972
715,235763,40.93509314490374,3.4995069642114247
716,237974,96.13485946456566,2.834011564951202
717,238691,75.2702918714827,3.3355483864422526
718,238994,48.03297902528027,3.2022803712358145
719,243936,33.080486452502285,3.076083324691178
720,246145,33.817151679593906,3.890371227016633
721,250873,22.550207701765185,3.81235340943395
722,263566,48.15037775519266,2.813640781662554
723,263670,183.19792838418,3.837285736546619
724,264728,48.66847431223479,3.0020733625813927
725,265053,19.872162375613986,4.064578183065017
726,265206,154.00694711246993,3.5036534541720004
727,268232,40.20844075353741,4.046579337364594
728,269728,130.3160669987924,2.716020406045525
729,270220,133.94449536800485,3.2371884706975713
730,271473,265.39684538367885,2.749535545048723
731,273032,52.47876094214899,3.672973741872878
732,273213,236.96036297963653,2.694326181123462
733,273920,58.67180250564068,2.0939579565401996
734,276652,31.77631400914003,3.202102930878915
735,277680,55.40776095358337,2.787912589509193
736,278091,12.76263680993549,2.784757769930669
737,282506,32.19965156271792,2.330641296765313
738,283111,33.138380088725235,2.938958072225317
739,284809,55.87986303273821,2.9803679353631485
740,287625,90.67700134900264,3.149263164115901
741,289990,42.67131025010517,3.5632481622980094
742,290536,155.37711476544652,2.5907461727234438
743,294105,66.87084703232068,2.9751466589503743
744,297533,108.23929049174733,2.8749894229867734
745,299612,39.31294587358206,3.720333437470996
746,307202,59.0144640974052,2.79024737243095
747,308232,61.46688473379726,3.437594256527769
748,313222,64.71687776137976,3.1247419584449574
749,315086,83.06691947971804,3.311250537475917
750,322257,46.294207296116014,2.758336955990815
751,322906,66.6628157511583,4.009468991111508
752,323613,131.81325679347643,3.6517498457636015
753,324492,31.421857346557143,4.127612712549062
754,326196,173.40786950722378,3.5623404719543377
755,336116,163.42751029432472,3.9127214602114635
756,336374,92.17599346628856,3.6519801234862608
757,340743,112.5289778390802,3.476391354723773
758,347101,101.36588012694207,3.2136920292941165
759,349485,53.39063736430138,2.9963339658535606
760,356899,53.08121791172639,3.385044272970712
761,365579,89.07904013770033,2.865759332849407
762,366221,57.22648865696805,2.8741217227680247
763,367430,631.7459247633811,4.447349139485046
764,367601,201.0437951058657,3.756386709682159
765,369711,87.1792496827614,3.30263854177527
766,373290,53.122975326072165,3.58284397601957
767,379172,64.49498466838286,3.687029089246019
768,382067,32.39893001199534,2.328045733987375
769,384902,74.36787441991814,3.4171745460739307
770,387227,62.61611350190319,3.213834726575379
771,390743,144.6379145648603,3.4090936171664916
772,393353,113.3293126487715,3.2541331252392185
773,396317,5.815398821329825,2.9138534825010938
774,397520,158.24908801359496,3.363025035521283
775,399329,87.08384745527006,3.195058314151729
776,405813,245.98033844791985,3.8535146979935933
777,406158,51.68305548633937,2.6257270818284923
778,413210,129.76683737355262,3.9085948664372867
779,415726,76.48817695898495,4.122733514026369
780,417025,183.77601012796305,3.6234873393260076
781,421164,189.853688820426,4.3612807710439725
782,423163,183.3872824534164,2.4629609456543107
783,433046,52.45943248145801,3.9592717527585912
784,433903,87.11370888458123,3.398570382739448
785,434061,51.08550865424608,3.0924042189072924
786,441559,125.26808113779173,3.614386664019955
787,446499,63.03026090309141,3.870133068097956
788,447643,210.32057039699083,3.022712687722516
789,449058,191.7554769862939,3.426607678012678
790,452534,97.93921083158752,2.9249543388836536
791,460303,63.1134886247762,2.83797603818633
792,462680,87.87059844610263,3.124741958444958
793,466195,37.31133105415373,3.6138740109688525
794,470300,60.39078474890635,2.7751896702961583
795,471824,133.79905589405195,3.1414970900961805
796,475642,27.97219313169104,3.6339812941622087
797,482269,109.6796550083625,3.489555103693855
798,489207,55.41041175281964,3.693878428649487
799,489297,169.37372633586517,3.387236327103634
800,494336,121.1176955061208,2.957885552059502
801,496901,96.85323517124696,3.1383980198840673
802,502629,116.34119129607927,3.5634295134121072
803,517056,135.94519661935394,3.229930001248114
804,536081,121.57479064968054,3.872857150180132
805,538500,99.97598534131124,3.360021238543044
806,545724,223.24858510107663,4.030046231509857
807,550660,142.23024598786392,2.7905119635110185
808,553885,122.4317509604875,4.385820667472729
809,557741,68.08069863898537,3.1340267733536455
810,565194,104.4637412799713,3.3017018058158096
811,577796,47.98514519771798,3.6567171111025703
812,577941,137.57629241364967,3.6960103263600654
813,582245,39.848094815258094,3.1219177199921355
814,583924,128.21136902003573,3.9278646526754035
815,601291,170.26548192436232,4.097376484273624
816,601942,228.8266138373458,3.0261034965506677
817,608980,67.5523428326768,3.6431394960755035
818,627202,211.6068982549234,4.411322480336525
819,647370,49.86609401243451,3.3316545336344294
820,648252,46.3867442385641,3.8254037607328497
821,648593,105.00402859766852,3.8408741217453644
822,662107,88.64961051554018,4.324060262026387
823,664865,77.570440123359,3.308093572641582
824,668365,162.65843752937903,3.433747883421755
825,676008,129.9427718429725,3.497635427273181
826,683864,36.52204675496388,3.1472311214856137
827,703479,301.7492067962556,3.7857297946835957
828,724777,155.6516038894894,3.163550291138824
829,742384,70.16453351743353,3.5962091091284734
830,745791,107.2895728727255,3.859099277935258
831,749202,24.58584190072597,3.645591608494065
832,762148,211.50104725414505,3.2281127940322607
833,770577,379.2431928465886,3.705330360144201
834,771851,149.4715885543313,3.6918156118129093
835,802122,119.65922536284724,3.56379202903892
836,807611,243.255050410278,3.1862382144087276
837,832993,79.8674216505755,4.174411897206545
838,836995,248.8174412258182,3.7501017965502794
839,838433,87.4267247368321,3.93927208387087
840,844052,224.2529025810291,4.660306609067898
841,844124,58.36960320301922,3.3730436415799705
842,846006,177.22203167613964,3.4059947645112896
843,854757,545.9330825329735,4.8125571816629975
844,868707,213.5174190786686,3.0473335788847016
845,880381,120.8996617579072,4.122981733655157
846,892366,98.42563065780055,3.2897493143366416
847,900202,42.74123943279567,3.7545588311727536
848,918018,38.18440316758121,3.8512265652962476
849,920477,131.10586149143603,3.8264879634165307
850,943332,582.8559417191017,5.075883369360223
851,947404,180.7563696795196,4.017294787014206
852,949442,84.2778338490647,3.6997086209972916
853,974563,626.3594076957595,3.249167875401689
854,998626,61.50175605852123,3.723768094221515
855,999101,64.74554033378402,3.4305888370241093
856,1047279,44.013613335179365,3.8610775892729894
857,1069644,126.44085191670052,4.120106277817099
858,1074223,155.40348496499135,4.190568524841835
859,1127983,278.27524476193844,4.225361469348409
860,1153956,84.39094861887887,3.8784741487513363
861,1204877,307.1440667257412,4.867245272747486
862,1232696,61.94264970390318,3.896004750198444
863,1270530,153.2151854478604,4.582974984449264
864,1297452,139.9933819254402,4.2015526995096115
865,1315600,111.00167784149087,4.27924562280987
866,1354304,104.90508484281156,4.374561569285325
867,1390785,253.5089347005125,3.7757610081610933
868,1408950,98.70093748342376,3.5877509062066513
869,1559514,188.10181486528225,3.968833912139827
870,1575179,418.06304868686726,4.149823307737449
871,1624578,395.2626427609413,5.008705350564688
872,1732436,248.55883991029967,3.863845177224781
873,1959495,120.05486941219588,4.730025506472122
874,1990660,286.9164272921912,3.61758869328109
875,2048449,395.9880587828317,4.245598941957225
876,2074537,185.9979093114039,4.948845683482262
877,2122271,170.834911395737,4.707617227021792
878,2157990,114.8355438834517,4.2022498995503925
879,2198450,203.61898582342465,4.285944324685548
880,2227083,203.76777740121327,3.350175851866168
881,2266715,110.90252801831058,4.470127257270433
882,2317600,169.4274993186092,4.230871173381337
883,2363730,179.15148258949665,3.807030340116802
884,2492412,143.97923852945362,3.9162812578583335
885,2550960,134.68824404409912,4.0254190361597555
886,2608147,289.4961488082621,4.081061752146085
887,2612437,199.0769010130725,4.330708908362058
888,2800053,415.5717300926951,4.758274616600828
889,2803228,137.64202447142924,4.750840888880214
890,2967239,137.26845372158675,5.004007494910418
891,3194831,490.771803832788,4.113194415513908
892,3338330,306.4045333035,3.9228843435027576
893,3654908,184.7788197717424,4.425156622440111
894,3979845,261.6703178658784,3.756710493877745
895,4319629,428.9205621633696,5.288168919208766
896,4650631,65.8615252492323,4.5623233493783095
897,4731803,739.4915971143936,4.392529528091262
898,4873019,539.5032767416938,4.81922833127564
899,4948203,131.1640724853227,3.4590858702424967
900,6020364,267.613588098512,5.038852347136452
901,6102434,511.9721439844167,5.77623586362382
902,6166488,468.92983782296346,5.396273725825339
903,6267226,387.5496098328705,5.27977430462508
904,7066141,330.3649640892595,4.937267565569675
905,7643907,318.1054371801306,4.606079449343869
906,9458539,507.43877988411,4.261670297276582
907,13214799,1052.3443566787316,3.794805436548667
908,19895340,926.1387394593412,6.965599588303805
